<?xml version="1.0" encoding="utf-8" ?>
<dwsync>
<file name="index.php" server="C:/xampp/htdocs/digikala/" local="131221211808130313" remote="131221211800000000" Dst="1" />
<file name="connect.php" server="C:/xampp/htdocs/digikala/" local="131220210728853605" remote="131220210720000000" Dst="1" />
<file name="test.php" server="C:/xampp/htdocs/digikala/" local="131324241030973711" remote="131324241030000000" Dst="1" />
<file name="insertuser.php" server="C:/xampp/htdocs/digikala/" local="131224897718855388" remote="131224897710000000" Dst="1" />
<file name="timer.php" server="C:/xampp/htdocs/digikala/" local="131226550861129887" remote="131226550860000000" Dst="1" />
<file name="jquery-1.6.2.min.js" server="C:/xampp/htdocs/digikala/" local="129570558280000000" remote="129570558280000000" Dst="1" />
<file name="settimer.php" server="C:/xampp/htdocs/digikala/" local="131226553957984582" remote="131226553950000000" Dst="1" />
<file name="androidtimer.php" server="C:/xampp/htdocs/digikala/" local="131226648010000000" remote="131226648010000000" Dst="1" />
<file name="readamazing.php" server="C:/xampp/htdocs/digikala/" local="131231764640820652" remote="131231764640000000" Dst="1" />
<file name="newproduct.php" server="C:/xampp/htdocs/digikala/" local="131231770250775694" remote="131231770250000000" Dst="1" />
<file name="mostsell.php" server="C:/xampp/htdocs/digikala/" local="131231790124283389" remote="131231790120000000" Dst="1" />
<file name="uniqe.php" server="C:/xampp/htdocs/digikala/" local="131233197136524416" remote="131233197130000000" Dst="1" />
<file name="readbanner.php" server="C:/xampp/htdocs/digikala/" local="131233474608030191" remote="131233474600000000" Dst="1" />
<file name="getdetail.php" server="C:/xampp/htdocs/digikala/" local="131251628916322637" remote="131251628910000000" Dst="1" />
<file name="getproductinfo.php" server="C:/xampp/htdocs/digikala/" local="131283636056962516" remote="131283636050000000" Dst="1" />
<file name="fanni.php" server="C:/xampp/htdocs/digikala/" local="131274957067429178" remote="131274957060000000" Dst="1" />
<file name="explode.php" server="C:/xampp/htdocs/digikala/" local="131254214790000000" remote="131254214790000000" Dst="1" />
<file name="comment.php" server="C:/xampp/htdocs/digikala/" local="131283605644694119" remote="131283605640000000" Dst="1" />
<file name="getparam.php" server="C:/xampp/htdocs/digikala/" local="131282763674160143" remote="131282763670000000" Dst="1" />
<file name="setpoint.php" server="C:/xampp/htdocs/digikala/" local="131283538080622613" remote="131283538080000000" Dst="1" />
<file name="recycle.php" server="C:/xampp/htdocs/digikala/" local="131287008781182422" remote="131287008780000000" Dst="1" />
<file name="catlist.php" server="C:/xampp/htdocs/digikala/" local="131287856346173548" remote="131287856340000000" Dst="1" />
<file name="catparam.php" server="C:/xampp/htdocs/digikala/" local="131294929859771868" remote="131294929850000000" Dst="1" />
<file name="filter.php" server="C:/xampp/htdocs/digikala/" local="131294933519156240" remote="131294933510000000" Dst="1" />
<file name="sort.php" server="C:/xampp/htdocs/digikala/" local="131296583905910664" remote="131296583900000000" Dst="1" />
<file name="readbasket.php" server="C:/xampp/htdocs/digikala/" local="131300897542546306" remote="131300897540000000" Dst="1" />
<file name="addbasket.php" server="C:/xampp/htdocs/digikala/" local="131300706107734393" remote="131300706100000000" Dst="1" />
<file name="showbasket.php" server="C:/xampp/htdocs/digikala/" local="131319939953807766" remote="131319939950000000" Dst="1" />
<file name="deletebasket.php" server="C:/xampp/htdocs/digikala/" local="131319962379770469" remote="131319962370000000" Dst="1" />
</dwsync>