<?xml version="1.0" encoding="utf-8" ?>
<dwsync>
<file name="1.png" server="C:/xampp/htdocs/digikala/" local="131231748640000000" remote="131231748640000000" Dst="1" />
<file name="2.png" server="C:/xampp/htdocs/digikala/" local="131231749700000000" remote="131231749700000000" Dst="1" />
<file name="3.png" server="C:/xampp/htdocs/digikala/" local="131231751140000000" remote="131231751140000000" Dst="1" />
<file name="4.png" server="C:/xampp/htdocs/digikala/" local="131231751590000000" remote="131231751590000000" Dst="1" />
<file name="5.png" server="C:/xampp/htdocs/digikala/" local="131231752000000000" remote="131231752000000000" Dst="1" />
<file name="6.png" server="C:/xampp/htdocs/digikala/" local="131231752220000000" remote="131231752220000000" Dst="1" />
<file name="7.png" server="C:/xampp/htdocs/digikala/" local="131231752450000000" remote="131231752450000000" Dst="1" />
<file name="banner1.jpg" server="C:/xampp/htdocs/digikala/" local="131213631340000000" remote="131213631340000000" Dst="1" />
<file name="banner2.jpg" server="C:/xampp/htdocs/digikala/" local="131233457610000000" remote="131233457610000000" Dst="1" />
<file name="banner3.jpg" server="C:/xampp/htdocs/digikala/" local="131233458940000000" remote="131233458940000000" Dst="1" />
<file name="banner4.jpg" server="C:/xampp/htdocs/digikala/" local="131233459510000000" remote="131233459510000000" Dst="1" />
<file name="banner5.jpg" server="C:/xampp/htdocs/digikala/" local="131233460920000000" remote="131233460920000000" Dst="1" />
<file name="banner6.jpg" server="C:/xampp/htdocs/digikala/" local="131233462900000000" remote="131233462900000000" Dst="1" />
<file name="mobile1.png" server="C:/xampp/htdocs/digikala/" local="131252342160000000" remote="131252342160000000" Dst="1" />
<file name="mobile2.png" server="C:/xampp/htdocs/digikala/" local="131252342340000000" remote="131252342340000000" Dst="1" />
<file name="1.jpg" server="C:/xampp/htdocs/digikala/" local="131252339820000000" remote="131252339820000000" Dst="1" />
<file name="2.jpg" server="C:/xampp/htdocs/digikala/" local="131252339630000000" remote="131252339630000000" Dst="1" />
<file name="3.jpg" server="C:/xampp/htdocs/digikala/" local="131252340630000000" remote="131252340630000000" Dst="1" />
<file name="4.jpg" server="C:/xampp/htdocs/digikala/" local="131252340500000000" remote="131252340500000000" Dst="1" />
<file name="5.jpg" server="C:/xampp/htdocs/digikala/" local="131252340330000000" remote="131252340330000000" Dst="1" />
<file name="6.jpg" server="C:/xampp/htdocs/digikala/" local="131252340200000000" remote="131252340200000000" Dst="1" />
<file name="7.jpg" server="C:/xampp/htdocs/digikala/" local="131252340010000000" remote="131252340010000000" Dst="1" />
<file name="ashpazkhane.jpg" server="C:/xampp/htdocs/digikala/" local="131286198880000000" remote="131286198880000000" Dst="1" />
<file name="barghi.jpg" server="C:/xampp/htdocs/digikala/" local="131286197980000000" remote="131286197980000000" Dst="1" />
<file name="digital.png" server="C:/xampp/htdocs/digikala/" local="131286191950000000" remote="131286191950000000" Dst="1" />
<file name="lavazem.jpg" server="C:/xampp/htdocs/digikala/" local="131286194160000000" remote="131286194160000000" Dst="1" />
<file name="mobile.jpg" server="C:/xampp/htdocs/digikala/" local="131286192800000000" remote="131286192800000000" Dst="1" />
<file name="reddigi.jpg" server="C:/xampp/htdocs/digikala/" local="131286203590000000" remote="131286203590000000" Dst="1" />
<file name="sutitasviri.jpg" server="C:/xampp/htdocs/digikala/" local="131286197550000000" remote="131286197550000000" Dst="1" />
<file name="tablet.jpg" server="C:/xampp/htdocs/digikala/" local="131286193190000000" remote="131286193190000000" Dst="1" />
<file name="tv.JPG" server="C:/xampp/htdocs/digikala/" local="131286199180000000" remote="131286199180000000" Dst="1" />
</dwsync>